Marvin Williams,Atlanta Hawks
Al Horford,Atlanta Hawks
Jeff Teague,Atlanta Hawks
Jaxson Hayes,Atlanta Hawks
Mike Scott,Atlanta Hawks
Cam Reddish,Atlanta Hawks
James Ennis III,Atlanta Hawks
Raul Neto,Atlanta Hawks
Dennis Schroder,Atlanta Hawks
Kelly Oubre Jr.,Atlanta Hawks
DeAndre' Bembry,Atlanta Hawks
John Collins,Atlanta Hawks
Devonte' Graham,Atlanta Hawks
Luka Doncic,Atlanta Hawks
Omari Spellman,Atlanta Hawks
Kevin Huerter,Atlanta Hawks
E'Twaun Moore,Boston Celtics
Romeo Langford,Boston Celtics
Avery Bradley,Boston Celtics
Robert Williams III,Boston Celtics
Matisse Thybulle,Boston Celtics
Grant Williams,Boston Celtics
Jayson Tatum,Boston Celtics
Marcus Smart,Boston Celtics
Gerald Green,Boston Celtics
Jeff Green,Boston Celtics
Terry Rozier,Boston Celtics
Abdel Nader,Boston Celtics
Semi Ojeleye,Boston Celtics
Ante Zizic,Boston Celtics
Kadeem Allen,Boston Celtics
Tremont Waters,Boston Celtics
Jaylen Brown,Boston Celtics
Mason Plumlee,Brooklyn Nets
Hamidou Diallo,Brooklyn Nets
Rodions Kurucs,Brooklyn Nets
Kyle Kuzma,Brooklyn Nets
Jarrett Allen,Brooklyn Nets
Mfiondu Kabengele,Brooklyn Nets
Nickeil Alexander-Walker,Brooklyn Nets
Pat Connaughton,Brooklyn Nets
Nicolas Claxton,Brooklyn Nets
Dzanan Musa,Brooklyn Nets
D.J. Augustin,Charlotte Bobcats
Kemba Walker,Charlotte Bobcats
Michael Kidd-Gilchrist,Charlotte Bobcats
Tobias Harris,Charlotte Bobcats
Cody Zeller,Charlotte Bobcats
Jared Dudley,Charlotte Bobcats
Dwight Powell,Charlotte Hornets
Shabazz Napier,Charlotte Hornets
Noah Vonleh,Charlotte Hornets
Frank Jackson,Charlotte Hornets
Cody Martin,Charlotte Hornets
Frank Kaminsky,Charlotte Hornets
Jalen McDaniels,Charlotte Hornets
Malik Monk,Charlotte Hornets
P.J. Washington,Charlotte Hornets
Shai Gilgeous-Alexander,Charlotte Hornets
Bobby Portis,Chicago Bulls
LaMarcus Aldridge,Chicago Bulls
Daniel Gafford,Chicago Bulls
Coby White,Chicago Bulls
Jimmy Butler,Chicago Bulls
Justin Patton,Chicago Bulls
Chandler Hutchison,Chicago Bulls
Wendell Carter Jr.,Chicago Bulls
Jusuf Nurkic,Chicago Bulls
Gary Harris,Chicago Bulls
Jordan Bell,Chicago Bulls
Derrick Rose,Chicago Bulls
Denzel Valentine,Chicago Bulls
Tony Snell,Chicago Bulls
Taj Gibson,Chicago Bulls
James Johnson,Chicago Bulls
Allen Crabbe,Cleveland Cavaliers
Danny Green,Cleveland Cavaliers
Dylan Windler,Cleveland Cavaliers
Dion Waiters,Cleveland Cavaliers
Joe Harris,Cleveland Cavaliers
LeBron James,Cleveland Cavaliers
Andrew Wiggins,Cleveland Cavaliers
Collin Sexton,Cleveland Cavaliers
Jae Crowder,Cleveland Cavaliers
Tyus Jones,Cleveland Cavaliers
Kyrie Irving,Cleveland Cavaliers
Tristan Thompson,Cleveland Cavaliers
Darius Garland,Cleveland Cavaliers
Trae Young,Dallas Mavericks
Justin Anderson,Dallas Mavericks
Dennis Smith Jr.,Dallas Mavericks
Jalen Brunson,Dallas Mavericks
Mike Muscala,Dallas Mavericks
Shake Milton,Dallas Mavericks
Kelly Olynyk,Dallas Mavericks
Donovan Mitchell,Denver Nuggets
Rudy Gobert,Denver Nuggets
Michael Porter Jr.,Denver Nuggets
Vlatko Cancar,Denver Nuggets
Monte Morris,Denver Nuggets
Jamal Murray,Denver Nuggets
Juancho Hernangomez,Denver Nuggets
Nikola Jokic,Denver Nuggets
Malik Beasley,Denver Nuggets
Carmelo Anthony,Denver Nuggets
Doug McDermott,Denver Nuggets
Emmanuel Mudiay,Denver Nuggets
Evan Fournier,Denver Nuggets
Luke Kennard,Detroit Pistons
Sekou Doumbouya,Detroit Pistons
Stanley Johnson,Detroit Pistons
Andre Drummond,Detroit Pistons
Khris Middleton,Detroit Pistons
Isaiah Roby,Detroit Pistons
Spencer Dinwiddie,Detroit Pistons
Henry Ellenson,Detroit Pistons
Bruce Brown,Detroit Pistons
Kentavious Caldwell-Pope,Detroit Pistons
Brandon Knight,Detroit Pistons
Damian Jones,Golden State Warriors
Patrick McCaw,Golden State Warriors
Eric Paschall,Golden State Warriors
Marco Belinelli,Golden State Warriors
Miye Oni,Golden State Warriors
Kevon Looney,Golden State Warriors
Jordan Poole,Golden State Warriors
Stephen Curry,Golden State Warriors
Harrison Barnes,Golden State Warriors
Jacob Evans,Golden State Warriors
Draymond Green,Golden State Warriors
Vince Carter,Golden State Warriors
Klay Thompson,Golden State Warriors
Clint Capela,Houston Rockets
De'Anthony Melton,Houston Rockets
Isaiah Hartenstein,Houston Rockets
Dillon Brooks,Houston Rockets
Patrick Patterson,Houston Rockets
Nicolas Batum,Houston Rockets
Montrezl Harrell,Houston Rockets
Chandler Parsons,Houston Rockets
Marcus Morris Sr.,Houston Rockets
Jeremy Lamb,Houston Rockets
Rudy Gay,Houston Rockets
Georges Niang,Indiana Pacers
Goga Bitadze,Indiana Pacers
Kawhi Leonard,Indiana Pacers
Jarrell Brantley,Indiana Pacers
Myles Turner,Indiana Pacers
Alize Johnson,Indiana Pacers
T.J. Leaf,Indiana Pacers
Caris LeVert,Indiana Pacers
Davis Bertans,Indiana Pacers
Solomon Hill,Indiana Pacers
Aaron Holiday,Indiana Pacers
Paul George,Indiana Pacers
Miles Bridges,LA Clippers
Terance Mann,LA Clippers
Cheick Diallo,LA Clippers
Jerome Robinson,LA Clippers
Blake Griffin,Los Angeles Clippers
Reggie Bullock,Los Angeles Clippers
Eric Gordon,Los Angeles Clippers
Al-Farouq Aminu,Los Angeles Clippers
DeAndre Jordan,Los Angeles Clippers
Tyson Chandler,Los Angeles Clippers
Ivica Zubac,Los Angeles Lakers
Marc Gasol,Los Angeles Lakers
Brandon Ingram,Los Angeles Lakers
Lonzo Ball,Los Angeles Lakers
Julius Randle,Los Angeles Lakers
Moritz Wagner,Los Angeles Lakers
D'Angelo Russell,Los Angeles Lakers
De'Andre Hunter,Los Angeles Lakers
Tony Bradley,Los Angeles Lakers
Svi Mykhailiuk,Los Angeles Lakers
Patrick Beverley,Los Angeles Lakers
Larry Nance Jr.,Los Angeles Lakers
Kevin Love,Memphis Grizzlies
Ja Morant,Memphis Grizzlies
Jevon Carter,Memphis Grizzlies
Kyle Lowry,Memphis Grizzlies
DeMarre Carroll,Memphis Grizzlies
Jaren Jackson Jr.,Memphis Grizzlies
Mike Conley,Memphis Grizzlies
Tyler Herro,Miami Heat
Bol Bol,Miami Heat
Josh Richardson,Miami Heat
Bam Adebayo,Miami Heat
Justise Winslow,Miami Heat
Bojan Bogdanovic,Miami Heat
John Henson,Milwaukee Bucks
Malcolm Brogdon,Milwaukee Bucks
Thon Maker,Milwaukee Bucks
Ersan Ilyasova,Milwaukee Bucks
Jabari Parker,Milwaukee Bucks
D.J. Wilson,Milwaukee Bucks
Chimezie Metu,Milwaukee Bucks
Kevin Porter Jr.,Milwaukee Bucks
Giannis Antetokounmpo,Milwaukee Bucks
Norman Powell,Milwaukee Bucks
Donte DiVincenzo,Milwaukee Bucks
Trey Burke,Minnesota Timberwolves
Josh Okogie,Minnesota Timberwolves
Jaylen Nowell,Minnesota Timberwolves
Wayne Ellington,Minnesota Timberwolves
Keita Bates-Diop,Minnesota Timberwolves
Ricky Rubio,Minnesota Timberwolves
Lauri Markkanen,Minnesota Timberwolves
Andre Roberson,Minnesota Timberwolves
Cameron Johnson,Minnesota Timberwolves
Cedi Osman,Minnesota Timberwolves
Kris Dunn,Minnesota Timberwolves
Zach LaVine,Minnesota Timberwolves
Glenn Robinson III,Minnesota Timberwolves
Karl-Anthony Towns,Minnesota Timberwolves
Brook Lopez,New Jersey Nets
Kyle Korver,New Jersey Nets
Ryan Anderson,New Jersey Nets
Derrick Favors,New Jersey Nets
Anthony Davis,New Orleans Hornets
Austin Rivers,New Orleans Hornets
Darius Miller,New Orleans Hornets
Buddy Hield,New Orleans Pelicans
Edmond Sumner,New Orleans Pelicans
Dwayne Bacon,New Orleans Pelicans
Nerlens Noel,New Orleans Pelicans
Jordan Bone,New Orleans Pelicans
Alen Smailagic,New Orleans Pelicans
Zion Williamson,New Orleans Pelicans
Chris Paul,New Orleans/Oklahoma City Hornets
Danilo Gallinari,New York Knicks
Iman Shumpert,New York Knicks
Thanasis Antetokounmpo,New York Knicks
Wilson Chandler,New York Knicks
Tim Hardaway Jr.,New York Knicks
Kristaps Porzingis,New York Knicks
Damyean Dotson,New York Knicks
Trevor Ariza,New York Knicks
Frank Ntilikina,New York Knicks
Mitchell Robinson,New York Knicks
Nene,New York Knicks
Kevin Knox II,New York Knicks
Kyle Guy,New York Knicks
RJ Barrett,New York Knicks
Brandon Clarke,Oklahoma City Thunder
Devon Hall,Oklahoma City Thunder
Kevin Hervey,Oklahoma City Thunder
Terrance Ferguson,Oklahoma City Thunder
Domantas Sabonis,Oklahoma City Thunder
Steven Adams,Oklahoma City Thunder
Reggie Jackson,Oklahoma City Thunder
Serge Ibaka,Oklahoma City Thunder
Eric Bledsoe,Oklahoma City Thunder
Russell Westbrook,Oklahoma City Thunder
James Harden,Oklahoma City Thunder
JJ Redick,Orlando Magic
Mario Hezonja,Orlando Magic
Mo Bamba,Orlando Magic
Melvin Frazier Jr.,Orlando Magic
Talen Horton-Tucker,Orlando Magic
Aaron Gordon,Orlando Magic
Jake Layman,Orlando Magic
Kyle O'Quinn,Orlando Magic
Dario Saric,Orlando Magic
Jarred Vanderbilt,Orlando Magic
Wes Iwundu,Orlando Magic
Dwight Howard,Orlando Magic
Jonathan Isaac,Orlando Magic
Anzejs Pasecniks,Orlando Magic
Courtney Lee,Orlando Magic
Victor Oladipo,Orlando Magic
Andre Iguodala,Philadelphia 76ers
Evan Turner,Philadelphia 76ers
Ben Simmons,Philadelphia 76ers
Michael Carter-Williams,Philadelphia 76ers
Jerami Grant,Philadelphia 76ers
Markelle Fultz,Philadelphia 76ers
Kostas Antetokounmpo,Philadelphia 76ers
Nikola Vucevic,Philadelphia 76ers
Ty Jerome,Philadelphia 76ers
Timothe Luwawu-Cabarrot,Philadelphia 76ers
Jrue Holiday,Philadelphia 76ers
Furkan Korkmaz,Philadelphia 76ers
Ray Spalding,Philadelphia 76ers
Thabo Sefolosha,Philadelphia 76ers
Lou Williams,Philadelphia 76ers
Isaac Bonga,Philadelphia 76ers
Carsen Edwards,Philadelphia 76ers
Bruno Fernando,Philadelphia 76ers
Elfrid Payton,Philadelphia 76ers
Khyri Thomas,Philadelphia 76ers
Admiral Schofield,Philadelphia 76ers
Joel Embiid,Philadelphia 76ers
Sterling Brown,Philadelphia 76ers
Marial Shayok,Philadelphia 76ers
Landry Shamet,Philadelphia 76ers
Maurice Harkless,Philadelphia 76ers
Jahlil Okafor,Philadelphia 76ers
Richaun Holmes,Philadelphia 76ers
Willy Hernangomez,Philadelphia 76ers
Thaddeus Young,Philadelphia 76ers
Jonah Bolden,Philadelphia 76ers
Mikal Bridges,Philadelphia 76ers
Devin Booker,Phoenix Suns
Zhaire Smith,Phoenix Suns
Deandre Ayton,Phoenix Suns
Elie Okobo,Phoenix Suns
Robin Lopez,Phoenix Suns
KZ Okpala,Phoenix Suns
T.J. Warren,Phoenix Suns
Rajon Rondo,Phoenix Suns
Bogdan Bogdanovic,Phoenix Suns
Jarrett Culver,Phoenix Suns
Josh Jackson,Phoenix Suns
Marquese Chriss,Phoenix Suns
Dragan Bender,Phoenix Suns
Alex Len,Phoenix Suns
Markieff Morris,Phoenix Suns
Damian Lillard,Portland Trail Blazers
Meyers Leonard,Portland Trail Blazers
Caleb Swanigan,Portland Trail Blazers
Will Barton,Portland Trail Blazers
Harry Giles III,Portland Trail Blazers
Justin Jackson,Portland Trail Blazers
CJ McCollum,Portland Trail Blazers
Nassir Little,Portland Trail Blazers
Patty Mills,Portland Trail Blazers
Anfernee Simons,Portland Trail Blazers
Rondae Hollis-Jefferson,Portland Trail Blazers
Frank Mason,Sacramento Kings
Marvin Bagley III,Sacramento Kings
Willie Cauley-Stein,Sacramento Kings
Bismack Biyombo,Sacramento Kings
Zach Collins,Sacramento Kings
Ignas Brazdeikis,Sacramento Kings
Justin James,Sacramento Kings
Ben McLemore,Sacramento Kings
De'Aaron Fox,Sacramento Kings
Gary Trent Jr.,Sacramento Kings
Isaiah Thomas,Sacramento Kings
DeMarcus Cousins,Sacramento Kings
Hassan Whiteside,Sacramento Kings
Skal Labissiere,Sacramento Kings
Kyle Anderson,San Antonio Spurs
Luka Samanic,San Antonio Spurs
Ian Mahinmi,San Antonio Spurs
Dejounte Murray,San Antonio Spurs
Jordan McRae,San Antonio Spurs
Keldon Johnson,San Antonio Spurs
Cory Joseph,San Antonio Spurs
Quinndary Weatherspoon,San Antonio Spurs
George Hill,San Antonio Spurs
Lonnie Walker IV,San Antonio Spurs
Goran Dragic,San Antonio Spurs
Derrick White,San Antonio Spurs
Kevin Durant,Seattle SuperSonics
Jakob Poeltl,Toronto Raptors
Bruno Caboclo,Toronto Raptors
DeMar DeRozan,Toronto Raptors
P.J. Tucker,Toronto Raptors
OG Anunoby,Toronto Raptors
Pascal Siakam,Toronto Raptors
Ed Davis,Toronto Raptors
Delon Wright,Toronto Raptors
Jonas Valanciunas,Toronto Raptors
Dewan Hernandez,Toronto Raptors
Terrence Ross,Toronto Raptors
Tyrone Wallace,Utah Jazz
Trey Lyles,Utah Jazz
Taurean Prince,Utah Jazz
Darius Bazley,Utah Jazz
Paul Millsap,Utah Jazz
Nigel Williams-Goss,Utah Jazz
Dante Exum,Utah Jazz
Thomas Bryant,Utah Jazz
CJ Miles,Utah Jazz
Rodney Hood,Utah Jazz
Josh Hart,Utah Jazz
Gordon Hayward,Utah Jazz
Grayson Allen,Utah Jazz
Alec Burks,Utah Jazz
Gorgui Dieng,Utah Jazz
Enes Kanter,Utah Jazz
Justin Wright-Foreman,Utah Jazz
JaVale McGee,Washington Wizards
Jordan Clarkson,Washington Wizards
Nemanja Bjelica,Washington Wizards
Rui Hachimura,Washington Wizards
John Wall,Washington Wizards
Otto Porter Jr.,Washington Wizards
Troy Brown Jr.,Washington Wizards
Tomas Satoransky,Washington Wizards
Bradley Beal,Washington Wizards
